RunID,RunType,Distance_km,Speed_kmh,AvgHR_bpm,MaxHR_bpm,Cadence_spm,Stride_m,ElevationGain_m,ElevationLoss_m,AerobicTE,AnaerobicTE,Calories_kcal,WeeklyVolume_km,RestingHR_bpm,HRmax_est_bpm,Age_years,Weight_kg,TempC,VO2max_ml_kg_min
1,Let,9.84,10.54,141,153,178,0.99,57,61,1.1,1.1,577,56.9,56,190,22,62.7,12.0,43.3
2,Lang,7.25,9.78,143,157,175,0.93,47,41,1.4,1.9,476,27.2,64,199,24,67.6,3.3,41.3
3,Tempo,11.75,12.93,154,161,177,1.22,61,31,3.1,1.3,896,35.8,58,186,27,68.1,10.6,43.5
4,Let,6.97,10.2,133,149,178,0.96,12,0,1.0,1.8,432,26.3,55,185,21,67.2,14.6,40.8
5,Tempo,12.91,13.48,164,176,183,1.23,54,38,1.7,0.5,951,42.7,54,187,27,64.0,23.0,42.2
6,Interval,5.07,14.09,170,180,178,1.32,0,0,2.3,1.5,394,30.9,55,195,26,65.3,13.1,43.0
7,Let,11.02,9.77,139,153,170,0.96,65,111,2.1,1.5,622,35.2,56,191,27,60.8,10.6,40.6
8,Interval,10.4,14.95,176,187,190,1.31,82,82,3.1,1.0,770,39.4,58,198,25,61.6,9.5,47.7
9,Let,4.22,9.56,129,135,168,0.95,27,25,3.2,1.3,252,25.6,61,195,26,67.1,4.0,41.0
10,Let,11.58,10.86,137,148,178,1.02,84,61,3.1,0.8,667,33.1,53,190,26,62.3,5.6,41.1
11,Let,11.44,9.86,123,135,182,0.9,71,74,3.7,0.7,582,15.4,63,189,25,57.6,9.0,42.6
12,Interval,7.4,16.55,161,169,183,1.5,30,25,1.9,2.4,615,24.2,56,182,21,69.3,11.9,46.3
13,Let,14.62,9.78,146,157,177,0.92,116,93,2.9,1.4,893,44.2,56,195,28,65.0,14.5,42.6
14,Interval,5.84,16.22,160,170,192,1.41,50,54,2.5,2.0,460,12.5,55,185,24,66.4,8.2,43.7
15,Tempo,6.86,13.48,157,163,183,1.23,46,73,1.9,1.7,540,11.6,57,187,27,69.8,11.0,42.4
16,Let,10.02,10.17,136,145,176,0.96,0,6,3.5,0.6,616,30.4,59,193,24,67.2,-0.8,42.7
17,Let,5.33,10.25,125,141,188,0.91,37,47,2.2,0.3,325,40.1,57,185,24,67.9,22.6,42.5
18,Tempo,9.78,13.16,163,175,175,1.25,57,82,2.0,0.4,749,11.5,60,190,26,67.2,9.2,44.4
19,Interval,10.1,15.52,166,182,180,1.44,45,11,3.9,1.2,810,24.5,59,188,26,66.9,7.7,46.0
20,Tempo,9.39,12.18,158,174,177,1.15,26,14,3.4,0.4,770,23.2,53,190,25,73.1,20.4,42.5
21,Let,12.75,9.25,129,141,180,0.9,82,60,1.4,1.6,756,23.4,64,189,24,65.7,22.0,42.2
22,Let,6.74,10.55,129,142,172,1.02,21,29,1.5,0.9,417,21.5,66,187,20,68.3,14.5,42.7
23,Interval,6.44,13.65,166,175,175,1.3,18,1,4.4,0.3,518,26.2,55,188,28,67.1,18.0,43.4
24,Tempo,6.63,13.67,158,171,187,1.22,51,35,2.5,1.0,493,32.8,55,188,27,65.9,10.4,43.8
25,Tempo,7.93,14.06,157,168,181,1.29,38,36,2.3,1.8,621,36.3,53,189,27,69.8,15.3,42.2
26,Let,10.28,9.31,146,155,177,0.9,23,23,1.2,1.7,595,23.3,60,197,23,61.9,1.6,41.8
27,Tempo,13.84,14.24,146,162,190,1.25,90,106,2.3,1.9,968,37.0,64,185,25,63.9,13.9,42.6
28,Tempo,9.93,13.82,151,165,178,1.29,49,32,3.2,1.2,764,28.7,58,187,26,69.5,6.5,44.5
29,Interval,3.02,14.67,168,174,187,1.31,20,27,3.4,3.1,240,35.0,64,192,28,66.7,17.1,43.1
30,Interval,10.28,15.21,164,174,189,1.34,75,61,3.8,2.4,806,56.7,55,188,25,65.8,15.9,45.9
31,Let,14.19,9.94,139,155,176,0.94,45,54,3.8,1.7,855,20.1,55,194,24,65.4,20.3,42.2
32,Let,13.86,10.35,138,144,170,1.01,75,84,1.7,0.9,866,38.8,60,194,26,68.0,15.2,41.0
33,Let,10.26,10.16,140,151,170,1.0,95,123,2.9,0.9,631,18.5,54,184,25,65.0,23.4,41.4
34,Let,10.25,10.18,128,140,181,0.94,55,80,4.1,0.3,623,20.3,59,189,26,67.6,10.0,42.0
35,Lang,7.5,9.04,136,147,175,0.9,5,8,2.6,1.9,506,49.1,60,175,26,67.0,6.7,39.7
36,Let,5.78,9.35,125,135,174,0.9,29,42,1.0,1.8,339,41.1,57,190,25,66.1,8.2,41.7
37,Tempo,7.83,14.19,151,157,186,1.27,39,50,1.5,1.0,569,33.7,52,181,26,64.7,18.5,43.1
38,Let,14.8,9.37,131,146,177,0.9,60,43,2.9,0.5,840,24.9,60,185,23,61.9,13.2,40.9
39,Let,12.31,11.14,131,144,172,1.08,49,66,1.6,1.1,660,25.0,54,186,23,58.6,20.8,41.8
40,Let,4.06,9.7,133,147,173,0.93,10,1,2.7,0.9,250,32.3,60,192,24,67.7,7.9,40.4
41,Let,6.45,9.32,137,152,174,0.9,27,34,3.4,0.3,447,33.2,62,195,29,75.9,18.8,39.7
42,Interval,3.05,15.98,168,181,192,1.39,13,0,1.6,1.8,232,33.5,53,196,23,64.4,9.0,44.8
43,Let,10.96,9.16,124,130,178,0.9,81,75,3.9,1.6,706,14.8,61,182,27,71.5,12.7,40.4
44,Let,4.91,10.78,132,138,177,1.02,36,39,2.8,1.6,294,49.8,53,186,24,65.3,6.6,43.9
45,Tempo,8.92,14.17,162,178,186,1.27,49,19,4.1,1.5,708,23.5,54,194,23,70.6,-0.2,44.0
46,Let,13.88,9.87,141,147,180,0.91,0,14,1.1,1.9,883,38.6,67,194,25,68.6,15.6,40.0
47,Tempo,3.24,12.83,161,176,179,1.19,24,17,1.0,1.5,234,28.6,54,190,25,63.9,7.8,44.0
48,Tempo,12.22,11.99,156,167,184,1.09,41,15,1.4,1.7,897,29.4,56,190,23,65.8,6.7,42.0
49,Let,13.72,9.53,131,137,173,0.92,80,37,1.8,1.6,847,15.9,56,190,26,68.1,10.8,42.0
50,Lang,13.66,9.18,151,158,170,0.9,111,98,2.4,1.6,981,29.2,57,197,29,71.8,11.7,39.1
51,Tempo,14.85,13.38,146,152,177,1.26,134,124,3.8,1.4,1046,29.8,53,186,28,64.5,7.7,44.5
52,Let,15.0,9.58,126,142,168,0.95,68,45,3.5,1.0,860,38.1,59,180,27,62.9,19.0,40.7
53,Tempo,9.92,12.65,160,174,181,1.16,0,4,1.0,0.7,819,31.4,58,196,22,74.2,3.7,42.5
54,Interval,13.28,15.1,158,168,186,1.35,59,41,4.0,2.6,1048,38.9,60,188,26,67.5,14.8,44.3
55,Lang,14.53,9.36,145,158,170,0.92,67,78,4.1,1.2,1040,28.2,65,191,24,71.9,23.9,41.3
56,Let,9.22,9.94,136,151,180,0.92,52,46,1.2,0.3,543,37.0,59,194,23,64.5,3.9,42.6
57,Let,4.03,10.07,134,145,179,0.94,36,23,2.9,1.5,228,29.3,59,190,25,61.7,10.8,41.5
58,Let,11.57,9.5,128,143,176,0.9,103,123,2.6,1.0,778,21.9,52,186,26,74.3,16.8,40.6
59,Tempo,6.41,13.37,150,161,183,1.22,35,42,3.9,1.2,411,23.3,57,187,24,58.2,5.0,43.2
60,Let,7.06,9.97,128,134,170,0.98,44,79,2.3,1.5,447,19.6,58,188,26,70.2,6.3,38.6
61,Lang,9.82,9.64,145,155,180,0.9,33,43,1.7,1.0,665,34.0,60,189,23,67.7,15.9,41.5
62,Interval,8.32,14.64,148,164,182,1.34,2,0,2.5,1.5,562,41.7,54,184,23,59.0,11.9,44.6
63,Lang,11.57,9.64,136,144,175,0.92,47,75,2.9,0.7,748,45.7,56,192,23,67.0,15.5,41.2
64,Tempo,5.33,12.29,166,178,183,1.12,6,5,3.1,1.0,409,50.7,58,196,25,67.8,16.1,43.7
65,Lang,6.97,10.67,133,144,171,1.04,30,45,3.8,1.1,459,25.9,59,187,27,68.1,1.7,41.1
66,Tempo,10.34,14.08,153,163,186,1.26,20,46,1.5,0.5,702,44.0,59,190,27,61.4,19.3,45.8
67,Let,3.53,10.38,134,146,176,0.98,11,10,2.8,0.8,194,33.1,60,194,22,60.6,15.9,44.1
68,Tempo,13.84,13.62,154,160,180,1.26,32,3,1.7,1.1,1006,23.3,63,190,23,65.6,6.7,42.7
69,Interval,13.79,15.66,163,175,185,1.41,2,29,1.7,1.5,1079,22.9,60,188,27,65.9,12.4,44.8
70,Let,6.48,9.81,129,144,177,0.92,27,20,3.8,2.0,354,29.5,62,187,23,60.3,20.3,41.2
71,Tempo,4.61,13.33,147,162,184,1.21,20,18,1.7,1.2,320,26.1,60,189,25,63.9,17.8,43.0
72,Let,8.39,10.65,138,154,179,0.99,22,38,1.0,1.9,534,36.8,56,196,26,69.6,12.2,43.6
73,Let,12.77,10.36,140,148,180,0.96,58,69,3.0,0.8,721,28.1,52,194,24,61.1,10.1,39.4
74,Let,8.71,9.58,141,157,171,0.93,54,49,1.9,0.9,539,47.9,61,192,24,66.4,19.6,45.1
75,Let,3.97,11.38,141,148,174,1.09,11,22,3.0,1.0,248,26.0,57,192,26,67.1,19.1,43.9
76,Let,14.18,11.11,139,148,167,1.11,99,54,2.9,1.2,825,31.4,58,193,25,63.0,13.7,42.0
77,Let,9.26,11.62,121,135,177,1.09,42,45,2.5,1.4,592,28.4,61,181,22,71.5,10.6,41.5
78,Let,6.43,10.52,137,143,177,0.99,15,20,2.7,0.5,342,30.6,62,192,29,57.9,9.2,41.4
79,Interval,10.87,15.55,164,176,187,1.39,56,40,3.7,0.5,845,17.2,54,187,28,65.1,7.6,47.5
80,Interval,8.88,13.65,171,186,180,1.26,65,59,1.7,1.5,699,40.0,60,199,22,66.6,10.6,45.6
81,Interval,4.72,14.27,168,176,180,1.32,27,26,1.2,2.0,345,27.9,52,191,21,61.1,11.5,45.8
82,Let,9.7,9.77,145,153,176,0.93,42,29,2.3,1.6,553,34.5,53,194,25,60.7,12.7,40.9
83,Let,11.94,11.07,134,146,178,1.04,88,71,3.7,1.5,638,31.0,56,194,26,58.9,9.8,42.4
84,Let,11.15,10.44,126,134,178,0.98,41,18,3.6,1.7,610,34.5,54,187,26,61.0,8.5,42.8
85,Let,11.69,10.32,135,141,175,0.98,95,87,1.6,0.9,727,27.5,56,191,23,67.9,2.8,41.8
86,Tempo,5.88,13.05,156,165,178,1.22,12,6,1.1,0.5,396,37.4,56,187,27,60.0,9.7,42.5
87,Tempo,3.67,12.79,163,169,179,1.19,17,9,1.3,1.7,277,37.8,52,199,24,67.7,7.7,43.3
88,Let,8.51,10.41,141,149,178,0.98,5,28,2.1,0.2,582,27.7,51,200,30,74.8,17.7,40.2
89,Interval,6.65,15.51,158,169,191,1.35,17,17,2.1,1.0,507,26.0,56,187,22,65.0,10.5,43.1
90,Tempo,10.7,13.9,158,164,186,1.25,53,65,2.2,2.0,787,18.8,53,195,25,66.4,11.9,41.8
91,Tempo,3.92,14.63,150,157,190,1.28,29,29,1.5,1.6,300,48.5,57,187,26,69.3,9.0,43.1
92,Lang,6.5,10.86,137,143,175,1.03,20,15,4.1,0.3,397,43.5,58,189,26,62.6,13.7,42.0
93,Lang,13.57,10.73,146,160,184,0.97,90,89,4.2,1.4,823,19.9,67,190,26,60.6,10.9,40.3
94,Let,4.41,9.77,131,144,166,0.98,0,3,1.3,0.9,212,34.1,56,191,26,53.2,19.2,41.2
95,Lang,12.7,11.09,147,153,182,1.02,47,9,3.1,0.4,820,27.2,64,190,25,64.3,8.6,41.5
96,Tempo,8.61,12.06,156,170,173,1.16,57,60,1.8,0.3,685,36.8,56,183,24,70.1,13.7,41.0
97,Lang,13.49,10.92,140,156,173,1.05,70,121,3.9,1.8,839,23.1,55,189,23,63.2,13.3,42.5
98,Let,14.29,9.68,136,145,167,0.97,93,83,3.4,1.8,819,29.8,53,192,26,62.5,5.1,40.6
99,Interval,9.94,14.58,157,165,186,1.31,68,60,4.4,2.3,792,21.8,62,192,24,69.0,8.0,44.7
100,Let,10.29,9.72,142,156,176,0.92,11,21,3.6,1.8,664,34.7,58,195,26,69.5,21.2,41.4
101,Interval,9.06,14.37,171,187,179,1.34,85,43,1.4,2.1,764,31.3,66,187,25,69.2,14.9,47.1
102,Lang,8.76,9.16,152,162,172,0.9,34,22,1.8,0.6,558,35.8,55,190,23,62.4,22.0,40.1
103,Interval,13.13,14.62,167,180,188,1.3,107,70,4.1,2.1,1022,15.4,57,182,29,63.7,11.4,43.6
104,Let,13.9,9.55,147,155,174,0.91,57,117,4.0,0.7,778,10.7,57,198,27,59.8,6.4,40.7
105,Let,9.55,9.39,135,141,176,0.9,38,31,2.0,0.2,494,35.3,60,186,21,55.8,9.5,39.3
106,Let,4.48,11.41,136,150,183,1.04,28,35,1.3,1.6,274,35.1,59,200,26,67.9,8.2,42.4
107,Lang,12.17,8.99,132,142,173,0.9,71,55,1.5,1.0,801,39.8,61,187,26,68.3,21.0,37.4
108,Lang,13.01,10.52,154,168,172,1.02,30,36,3.0,1.0,780,46.0,65,196,24,59.3,22.3,44.0
109,Interval,10.54,13.44,151,158,178,1.26,47,48,3.2,0.5,827,31.0,65,187,26,68.4,7.7,46.3
110,Interval,8.09,16.09,164,180,180,1.49,40,54,1.4,3.0,658,43.7,60,188,24,68.3,-12.1,42.9
111,Let,11.24,11.34,127,138,176,1.07,29,36,2.1,1.5,636,24.2,59,188,27,63.0,11.7,40.9
112,Let,6.85,10.78,128,136,173,1.04,21,38,1.7,1.1,427,31.4,61,186,24,68.8,17.2,42.1
113,Let,11.37,10.26,135,146,171,1.0,66,61,4.0,0.4,652,19.9,67,191,25,62.6,2.5,41.5
114,Let,8.11,11.0,146,159,172,1.07,51,66,2.8,1.9,499,24.0,60,191,24,64.8,9.6,42.8
115,Let,7.55,10.18,141,148,182,0.93,15,0,1.8,1.2,484,36.5,53,188,26,68.2,9.6,39.5
116,Interval,5.53,13.35,154,162,182,1.22,10,8,2.0,2.2,416,40.4,55,187,25,65.0,9.6,42.0
117,Tempo,14.07,14.24,160,170,184,1.29,94,99,3.6,1.6,944,17.7,57,187,26,59.0,16.3,45.3
118,Lang,11.53,9.05,140,146,178,0.9,22,39,2.2,0.5,738,17.5,54,193,25,65.6,21.8,39.4
119,Let,11.0,9.32,132,147,175,0.9,65,74,3.4,0.3,623,37.6,59,192,24,62.6,17.6,42.9
120,Let,11.11,9.26,135,148,178,0.9,99,75,3.9,0.7,637,19.1,50,191,23,62.6,1.3,41.8
121,Let,5.47,11.35,143,155,182,1.04,38,65,1.2,1.5,360,20.7,56,195,23,70.6,3.7,42.9
122,Let,7.23,11.43,132,147,176,1.08,70,82,2.3,1.6,425,49.3,63,191,23,64.8,15.4,42.8
123,Let,4.37,10.43,135,146,179,0.97,19,12,1.9,0.7,246,29.7,58,193,28,61.7,12.4,41.4
124,Interval,3.05,13.82,174,186,185,1.24,26,28,1.7,2.1,239,38.3,53,197,22,65.5,12.8,45.9
125,Let,10.07,9.36,136,147,170,0.92,0,0,1.9,2.0,664,32.6,57,194,27,72.3,16.3,42.8
126,Interval,6.69,14.11,159,167,173,1.36,11,14,1.4,2.6,499,30.2,57,189,27,63.8,9.5,43.2
127,Tempo,10.98,13.43,157,168,184,1.22,16,19,2.5,1.6,793,31.8,49,187,26,64.1,16.5,43.2
128,Tempo,12.1,13.62,154,162,182,1.25,102,131,3.9,0.6,837,32.6,69,190,27,62.4,25.0,45.7
129,Let,3.82,10.32,143,149,175,0.98,29,32,1.0,0.2,226,27.6,59,193,22,63.2,15.6,42.4
130,Lang,12.34,9.44,149,158,175,0.9,0,32,2.9,0.6,1009,54.9,56,190,25,80.9,5.8,40.8
131,Let,11.0,9.46,139,151,178,0.9,85,33,2.2,1.2,616,29.7,50,195,26,60.9,16.2,44.9
132,Tempo,13.52,12.43,152,167,178,1.16,51,62,2.8,1.3,1002,41.4,52,186,28,66.6,20.4,43.6
133,Lang,12.27,10.38,142,155,176,0.98,11,0,1.4,1.6,814,28.0,52,195,23,67.9,9.2,41.5
134,Tempo,6.63,14.55,153,165,184,1.32,12,14,1.0,2.0,418,20.2,60,184,26,56.2,8.1,42.4
135,Let,14.54,10.57,124,136,177,0.99,19,0,1.2,1.6,807,20.9,63,190,25,62.7,12.0,42.1
136,Tempo,13.92,13.03,150,156,184,1.18,89,87,2.5,0.2,826,39.0,65,189,24,54.1,15.5,44.1
137,Lang,11.1,9.09,146,161,177,0.9,0,0,2.1,0.5,695,38.0,57,191,20,62.7,22.4,42.7
138,Interval,4.39,15.54,161,169,191,1.36,31,43,2.2,3.4,354,28.5,58,190,25,68.6,2.2,44.1
139,Let,4.03,11.41,131,147,174,1.09,42,42,4.2,0.8,254,19.8,58,193,27,70.0,9.6,40.3
140,Tempo,4.93,12.86,146,162,178,1.2,39,41,2.7,1.0,332,35.9,61,182,27,61.1,3.8,42.3
141,Lang,9.15,10.14,145,159,179,0.94,63,68,3.8,1.8,528,27.1,54,188,24,57.6,8.1,41.5
142,Let,4.94,9.44,141,147,170,0.93,11,25,4.1,0.3,290,19.1,56,195,28,63.4,8.9,44.2
143,Tempo,14.03,12.32,151,159,184,1.12,117,109,1.9,1.6,1131,16.1,60,194,26,74.1,12.6,43.9
144,Tempo,8.81,13.13,162,173,186,1.18,54,70,1.1,1.6,668,38.0,54,189,26,66.6,11.3,44.9
145,Interval,9.92,13.3,161,172,182,1.22,52,61,1.6,2.0,700,18.3,56,186,25,59.5,12.5,45.4
146,Let,14.04,10.26,138,153,176,0.97,62,102,2.1,1.2,894,37.6,63,187,22,68.2,11.6,41.5
147,Lang,7.31,10.7,137,151,175,1.02,53,40,2.9,1.8,402,42.5,59,187,23,56.2,12.5,43.8
148,Let,12.76,9.71,132,138,172,0.94,120,146,4.2,0.3,769,23.6,58,185,27,65.5,5.9,44.1
149,Interval,10.68,15.54,171,183,183,1.42,65,59,3.2,2.4,789,27.6,60,198,26,62.3,12.3,41.4
150,Interval,4.55,14.59,167,177,178,1.37,25,31,4.4,0.3,329,42.1,54,198,27,61.8,19.3,43.8
151,Lang,8.83,9.34,154,163,177,0.9,91,122,3.6,1.8,557,20.4,59,193,24,61.9,14.3,39.4
152,Lang,6.4,9.7,141,153,179,0.9,23,25,4.1,1.0,457,41.2,61,187,24,71.9,8.6,43.6
153,Lang,14.73,10.39,152,159,174,1.0,11,3,3.8,0.6,1005,35.1,58,192,25,67.2,6.4,42.6
154,Let,8.54,9.72,139,155,173,0.94,56,36,3.8,1.2,517,24.1,57,194,27,65.7,6.9,40.4
155,Interval,12.64,13.86,169,178,194,1.19,137,78,3.8,1.2,1040,48.4,53,192,27,68.8,20.9,43.0
156,Lang,6.39,10.92,148,158,176,1.03,80,104,4.0,0.5,358,26.1,63,194,27,56.2,11.6,44.3
157,Lang,4.33,9.85,143,155,184,0.9,31,24,1.8,1.4,299,33.7,47,188,27,69.3,6.1,44.0
158,Let,7.42,10.87,133,148,180,1.01,14,16,1.3,1.1,449,30.2,63,188,28,66.1,13.3,42.6
159,Lang,5.62,10.33,149,163,171,1.01,28,23,2.4,0.9,382,45.0,58,196,24,68.2,7.6,41.1
160,Let,11.72,10.7,130,141,186,0.96,61,41,1.1,1.0,640,46.5,61,185,23,59.8,16.0,42.3
161,Let,5.14,11.67,123,136,179,1.09,41,41,3.2,0.4,338,28.3,55,184,23,73.5,11.6,42.9
162,Lang,10.04,10.99,142,151,184,1.0,27,59,1.6,1.4,506,24.6,59,182,24,50.0,18.5,39.6
163,Tempo,3.93,13.62,152,165,181,1.25,11,13,1.6,2.0,324,38.2,62,188,24,74.4,11.8,42.0
164,Tempo,3.41,13.22,159,175,176,1.25,17,12,2.9,1.9,262,30.0,60,192,27,68.7,20.1,44.3
165,Lang,10.1,11.0,133,144,175,1.05,28,26,2.7,1.8,711,25.4,55,190,24,73.3,11.9,44.2
166,Tempo,14.07,13.56,151,157,184,1.23,111,63,2.4,1.1,1017,23.4,67,190,27,65.8,22.9,42.8
167,Lang,14.15,9.15,144,154,170,0.9,88,69,1.6,0.7,904,12.5,56,191,24,64.4,21.1,38.7
168,Let,8.74,10.41,137,151,173,1.0,47,65,2.7,1.7,545,30.7,52,188,25,67.2,5.7,45.1
169,Let,13.63,9.73,136,151,169,0.96,77,79,3.7,1.4,780,23.7,58,190,24,62.1,-0.3,40.3
170,Lang,9.04,10.17,148,157,169,1.0,19,24,1.6,0.3,617,29.5,57,195,24,68.6,3.6,41.1
171,Tempo,6.36,13.41,160,170,179,1.25,0,5,1.4,1.8,456,5.0,57,190,27,63.5,1.2,42.5
172,Lang,12.93,9.09,137,147,173,0.9,15,19,3.1,1.6,796,29.6,58,188,25,63.0,23.6,41.8
173,Interval,9.55,13.32,161,175,187,1.19,83,85,1.0,1.6,685,22.1,56,191,24,61.2,10.0,43.8
174,Let,5.9,9.58,135,141,172,0.93,26,31,1.4,1.1,350,30.7,58,185,27,63.8,12.5,41.4
175,Let,13.37,10.15,136,147,169,1.0,60,52,2.4,0.6,727,29.8,55,195,26,59.7,13.8,41.5
176,Let,7.24,10.06,138,151,176,0.95,39,33,2.1,0.4,369,23.3,60,197,21,55.8,6.7,39.4
177,Let,14.08,10.02,127,135,175,0.95,96,42,3.8,1.5,808,26.8,54,186,21,63.6,4.5,41.1
178,Let,14.6,10.57,135,145,175,1.01,89,147,3.0,1.1,861,23.3,60,194,22,64.8,9.8,39.8
179,Interval,10.71,13.95,166,173,186,1.25,86,66,1.2,1.3,847,37.0,56,197,28,67.5,14.6,43.7
180,Tempo,9.72,11.93,159,167,175,1.14,56,89,3.2,0.3,696,22.8,56,186,24,63.0,19.3,41.9
181,Let,10.33,9.31,118,130,177,0.9,49,59,1.4,0.3,618,37.5,55,186,26,68.4,12.7,42.0
182,Let,3.99,9.46,133,139,179,0.9,32,26,1.7,1.4,228,44.5,56,195,25,63.5,17.2,43.4
183,Lang,11.14,9.41,143,149,172,0.91,86,123,4.0,0.3,721,31.9,60,194,24,65.9,25.7,43.3
184,Lang,13.47,10.89,141,152,174,1.04,67,93,1.3,0.8,798,23.5,60,190,26,60.1,8.1,42.4
185,Tempo,6.31,13.3,155,168,173,1.28,9,0,1.4,1.8,423,51.0,60,191,21,60.5,16.6,44.4
186,Let,9.82,10.28,130,138,170,1.01,29,26,2.5,1.0,540,41.6,61,191,25,61.0,9.6,45.0
187,Let,4.32,10.59,123,132,175,1.01,11,18,4.0,0.8,235,28.8,59,192,23,61.9,5.8,40.8
188,Tempo,11.41,13.67,166,177,179,1.27,79,48,1.0,0.9,779,18.9,55,195,23,60.2,11.3,44.3
189,Interval,8.74,14.46,164,176,175,1.38,87,87,1.1,3.5,662,13.1,62,192,26,64.3,4.5,42.8
190,Let,4.05,10.88,137,146,179,1.01,32,15,3.7,1.6,280,23.8,61,195,24,75.8,13.1,40.2
191,Let,4.9,9.7,135,144,173,0.93,30,47,3.6,0.5,328,38.9,63,185,22,72.1,7.7,41.0
192,Let,4.04,10.42,129,136,179,0.97,17,8,3.3,1.5,275,40.7,52,194,22,76.2,18.9,42.2
193,Let,12.32,11.15,133,143,178,1.04,111,135,3.7,1.3,769,18.2,58,194,22,69.1,12.5,42.3
194,Tempo,3.57,13.58,148,160,183,1.24,23,36,1.4,1.8,260,13.8,60,183,25,65.8,5.0,44.2
195,Interval,14.65,13.5,160,170,191,1.18,115,134,2.5,2.8,1027,35.9,58,187,24,59.4,17.8,44.4
196,Lang,12.36,10.14,154,169,170,0.99,99,73,3.3,1.7,829,20.1,56,194,26,66.0,2.0,42.4
197,Let,9.3,11.39,131,141,168,1.13,32,25,3.3,0.7,531,43.6,61,189,24,62.9,11.7,45.2
198,Lang,14.32,9.39,141,154,175,0.9,91,29,2.4,1.4,784,36.5,62,186,25,55.0,11.6,40.6
199,Let,8.3,10.31,132,142,177,0.97,71,76,2.4,1.6,504,29.0,59,190,20,66.8,10.9,40.1
200,Lang,11.64,9.0,144,158,169,0.9,63,35,3.1,1.2,751,34.4,58,193,24,65.3,14.9,41.2
201,Let,7.18,11.43,130,143,184,1.04,51,44,1.3,1.3,457,28.1,55,195,26,71.2,19.2,44.8
202,Tempo,4.06,14.45,160,176,185,1.3,24,29,3.9,2.0,333,25.3,57,192,26,73.1,9.3,42.8
203,Lang,12.05,8.96,147,162,184,0.9,78,77,2.9,0.5,849,28.4,54,196,25,71.2,26.9,40.3
204,Let,6.11,11.1,131,145,176,1.05,31,45,2.4,1.3,322,29.3,57,192,24,58.4,14.2,42.0
205,Let,6.37,9.67,123,136,176,0.92,0,0,1.9,1.9,358,29.1,63,181,27,62.5,1.6,41.5
206,Let,4.26,9.3,135,142,169,0.92,48,46,1.6,1.0,245,36.7,63,197,24,63.7,9.9,40.7
207,Let,3.99,10.01,134,144,179,0.93,28,29,3.1,1.1,281,32.7,49,191,26,77.1,12.7,42.7
208,Interval,8.95,14.75,158,171,186,1.32,0,15,1.7,2.4,699,33.4,55,192,26,67.5,15.9,44.7
209,Let,14.39,9.21,143,159,180,0.9,75,59,2.8,0.7,853,41.9,54,192,23,63.2,8.1,41.4
210,Let,5.64,9.57,129,139,181,0.9,38,38,2.8,1.4,329,30.3,59,191,24,64.9,5.5,43.6
211,Tempo,6.03,12.94,166,176,184,1.17,19,18,4.0,1.3,475,20.0,63,193,27,69.0,13.8,42.7
212,Let,11.56,9.38,129,144,179,0.9,105,102,2.5,1.5,634,15.0,61,188,25,60.7,21.8,42.7
213,Let,7.79,9.69,133,149,170,0.95,25,0,2.1,0.6,478,31.8,57,195,26,68.1,8.0,39.2
214,Lang,7.8,10.68,142,155,174,1.02,41,43,1.4,0.3,539,27.0,60,181,26,68.4,14.4,42.9
215,Lang,6.37,9.76,152,159,172,0.95,32,11,3.4,1.8,406,28.5,55,193,26,63.0,18.0,41.9
216,Let,3.57,10.6,132,140,179,0.99,29,35,3.1,1.0,216,14.0,59,194,27,67.2,15.9,43.1
217,Interval,5.49,16.5,153,160,180,1.5,14,10,1.2,1.4,418,17.9,55,186,25,65.7,15.6,43.9
218,Lang,12.11,10.6,137,153,180,0.98,89,85,2.1,1.4,695,36.5,51,184,26,58.2,8.3,43.3
219,Tempo,9.45,12.41,151,166,175,1.18,61,67,2.5,1.9,595,43.7,64,187,27,56.9,8.6,43.4
220,Interval,10.36,15.45,169,175,183,1.41,65,106,2.3,1.8,842,5.0,53,190,24,67.6,15.0,45.3
221,Interval,13.02,16.17,160,175,186,1.45,99,90,2.2,1.3,1007,24.7,59,186,23,65.4,-7.9,44.1
222,Let,4.14,9.25,132,139,181,0.9,1,0,1.1,0.9,257,15.3,55,188,24,68.1,12.4,41.3
223,Let,13.45,10.36,131,138,184,0.94,48,76,2.1,1.2,933,29.0,62,188,26,76.2,1.7,41.1
224,Tempo,13.32,13.84,156,172,190,1.21,53,0,4.1,1.2,1013,24.2,59,187,24,67.7,0.9,41.7
225,Let,12.03,10.79,137,152,183,0.98,47,33,1.3,1.5,685,34.5,53,184,22,60.7,8.1,39.1
226,Lang,11.13,9.34,138,147,171,0.91,66,96,1.9,1.1,668,38.6,56,188,24,61.2,20.2,39.9
227,Let,12.11,9.19,133,139,172,0.9,67,73,3.1,1.9,718,11.8,65,191,24,65.2,18.2,39.9
228,Lang,6.59,9.46,145,158,179,0.9,47,40,4.0,1.8,391,37.4,62,188,28,59.1,11.6,41.8
229,Tempo,14.79,14.05,151,164,176,1.33,16,12,2.9,0.6,1028,26.9,63,192,26,63.6,5.1,44.4
230,Let,4.29,11.39,140,147,183,1.04,22,31,1.7,0.3,275,31.7,57,195,26,69.6,17.1,44.2
231,Let,14.83,10.09,135,141,178,0.95,21,29,3.7,0.4,884,28.7,61,192,26,65.2,18.4,41.8
232,Tempo,14.59,13.67,157,163,178,1.28,0,11,1.2,0.9,1133,19.9,52,190,23,69.4,11.8,42.1
233,Let,3.54,10.72,127,143,167,1.07,15,0,3.8,1.5,203,15.6,64,188,23,64.0,12.0,39.1
234,Tempo,14.58,13.96,156,169,177,1.31,0,27,1.4,2.0,1029,41.7,60,194,26,63.9,11.0,44.1
235,Let,14.52,9.04,119,134,177,0.9,44,67,1.2,0.6,819,19.4,55,186,28,64.3,13.7,41.5
236,Let,11.7,9.76,138,146,175,0.93,96,99,3.2,0.3,649,24.1,59,195,27,60.5,9.4,42.5
237,Interval,3.61,13.73,171,186,184,1.24,23,14,4.0,1.2,314,36.7,64,197,26,73.1,8.0,44.7
238,Let,4.34,9.98,136,147,177,0.94,26,12,3.1,0.7,275,18.6,53,190,25,68.7,1.0,40.6
239,Let,14.83,9.12,139,155,175,0.9,56,88,3.9,0.8,931,15.1,60,193,24,68.0,7.1,43.5
240,Tempo,8.77,13.36,154,162,184,1.21,67,78,1.9,1.4,597,16.7,61,187,21,61.0,10.6,45.4
241,Let,4.84,10.29,131,140,172,1.0,23,34,2.7,2.0,285,24.7,55,191,26,65.2,5.8,43.0
242,Lang,8.28,10.3,149,159,170,1.01,9,0,1.4,0.7,492,39.1,55,196,24,59.6,-1.8,44.2
243,Let,14.39,10.09,138,147,181,0.93,126,145,2.8,1.7,914,24.9,58,195,24,69.3,12.6,43.1
244,Lang,5.38,9.06,145,151,183,0.9,26,11,2.5,0.5,370,32.3,52,186,27,68.3,17.2,37.9
245,Tempo,14.94,11.99,149,165,175,1.14,98,112,3.7,1.2,1163,47.9,57,183,24,70.1,5.0,46.1
246,Let,3.3,11.17,136,151,176,1.06,2,2,1.4,0.3,202,12.8,62,195,25,67.1,10.7,44.6
247,Lang,13.66,9.3,131,146,172,0.9,49,68,1.6,1.2,771,34.3,52,183,26,58.2,14.4,41.8
248,Let,10.02,11.03,123,134,173,1.06,84,89,3.1,0.8,612,33.9,52,181,26,67.8,11.2,42.9
249,Let,6.27,11.26,132,146,172,1.09,20,0,3.4,1.1,404,44.3,69,191,24,71.0,16.5,44.3
250,Tempo,8.21,12.9,154,166,177,1.21,42,55,1.8,1.3,529,11.4,59,188,26,57.8,9.1,42.7
251,Let,13.62,10.81,134,140,178,1.01,60,78,2.8,1.2,986,43.6,66,190,26,79.1,11.3,42.2
252,Interval,9.11,14.06,166,173,188,1.25,10,0,3.6,1.0,708,29.5,58,190,25,65.2,12.4,41.9
253,Tempo,3.79,13.26,156,164,190,1.16,28,34,1.1,1.9,304,29.8,58,188,25,71.6,7.1,44.0
254,Let,7.62,10.41,136,151,175,0.99,74,103,2.7,1.1,465,31.0,61,190,23,66.2,15.4,43.7
255,Interval,10.84,14.78,162,178,180,1.37,70,133,3.6,0.6,868,9.3,59,187,25,67.5,6.7,44.5
256,Interval,6.6,14.65,169,181,190,1.28,57,67,1.6,2.4,463,24.4,57,190,28,58.3,1.0,44.4
257,Let,14.16,11.04,119,125,175,1.05,170,235,3.4,1.1,855,30.1,58,183,25,68.3,23.9,41.2
258,Let,3.08,10.17,132,148,172,0.99,20,23,1.7,0.8,174,32.5,46,191,28,62.2,13.7,41.3
259,Interval,13.49,14.11,163,170,187,1.26,116,128,1.4,1.8,990,40.9,59,195,26,62.9,9.6,44.2
260,Interval,8.52,13.53,168,178,180,1.25,87,80,4.1,1.7,657,44.9,58,194,24,65.0,23.3,45.3
261,Interval,11.75,15.18,166,180,180,1.41,108,118,1.4,2.1,801,52.1,52,194,23,57.8,12.6,45.7
262,Lang,10.63,9.99,141,152,177,0.94,65,62,3.5,1.4,702,36.2,54,189,22,66.9,18.1,44.7
263,Lang,4.56,10.04,146,154,171,0.98,14,19,2.2,1.9,285,19.9,62,196,25,63.4,21.0,41.3
264,Let,3.82,11.23,134,141,176,1.06,28,31,3.7,0.8,218,45.6,56,191,27,62.4,21.5,41.9
265,Let,10.38,10.0,126,132,176,0.95,43,62,1.7,0.4,648,26.9,52,184,26,69.1,7.3,39.5
266,Let,5.72,9.97,135,142,174,0.95,20,0,3.6,0.6,354,46.2,50,183,25,66.3,25.5,41.9
267,Interval,6.07,15.59,159,165,187,1.39,0,0,4.4,2.4,448,25.4,56,190,26,63.3,13.6,43.4
268,Tempo,9.58,14.15,160,172,181,1.3,82,95,2.9,0.5,658,15.3,58,191,26,61.0,21.8,45.8
269,Interval,14.75,13.4,161,171,182,1.23,54,126,2.0,3.4,1079,34.6,55,187,22,61.8,8.5,44.4
270,Lang,10.9,9.59,150,157,180,0.9,15,81,1.4,1.8,740,18.2,57,191,27,67.1,22.8,43.9
271,Lang,5.53,9.62,153,161,176,0.91,26,25,3.7,1.5,400,30.0,56,193,22,71.2,12.3,44.0
272,Let,9.24,10.27,125,133,178,0.96,19,38,2.2,1.4,512,27.2,55,181,22,61.1,6.8,41.9
273,Let,7.25,11.26,126,140,180,1.04,28,21,2.9,1.2,376,19.5,60,187,25,57.8,9.9,42.7
274,Let,7.61,9.94,135,149,178,0.93,15,23,3.2,1.8,444,38.7,59,189,23,63.4,16.2,40.9
275,Interval,13.93,13.03,168,180,186,1.17,77,64,3.4,2.7,1093,30.0,56,192,27,65.8,9.9,42.6
276,Let,10.74,10.93,129,136,185,0.98,49,69,1.8,0.9,661,39.8,65,185,24,67.6,7.3,42.7
277,Tempo,13.14,12.05,164,172,184,1.09,2,0,2.2,1.9,1061,49.7,60,193,26,71.2,4.4,42.2
278,Let,6.41,10.98,141,157,175,1.05,61,54,1.8,1.7,380,37.6,62,190,26,63.4,5.1,41.0
279,Let,5.16,11.43,142,151,177,1.08,21,23,1.9,1.9,292,35.8,62,186,23,59.7,10.9,40.8
280,Interval,14.17,13.5,175,182,182,1.24,49,54,1.6,1.1,1102,45.7,58,192,27,63.9,11.8,44.0
281,Interval,6.28,13.83,167,183,182,1.27,38,25,1.0,1.8,474,10.0,58,194,24,63.8,9.4,42.1
282,Let,3.67,10.54,143,150,178,0.99,14,10,1.6,1.5,231,44.5,63,193,25,67.3,9.4,42.6
283,Let,9.24,9.54,138,144,184,0.9,56,61,2.4,0.4,557,30.4,59,196,19,65.9,17.2,41.9
284,Interval,13.62,15.76,162,174,187,1.41,65,96,1.4,1.9,998,23.2,51,191,24,62.4,12.6,44.3
285,Lang,12.28,11.11,139,148,188,0.99,54,67,3.3,0.3,825,30.9,57,188,29,68.3,16.7,42.5
286,Let,8.49,10.24,131,140,167,1.02,0,19,2.8,1.8,489,35.0,61,181,24,62.2,10.9,44.4
287,Interval,4.82,16.35,164,172,182,1.5,26,25,2.8,1.3,360,36.4,57,189,25,62.9,13.4,44.7
288,Let,10.67,10.18,134,143,177,0.96,46,89,4.1,0.3,669,38.3,50,184,25,67.6,11.4,43.1
289,Let,10.32,9.89,129,143,172,0.96,30,11,1.4,1.8,646,31.1,66,185,27,68.8,11.0,41.7
290,Let,11.92,9.74,134,150,170,0.95,0,0,1.9,1.0,697,9.3,60,188,28,63.6,7.4,41.9
291,Let,4.08,10.59,136,143,168,1.05,26,24,2.3,1.5,223,36.5,60,194,24,59.9,16.5,40.8
292,Lang,13.41,10.36,144,160,168,1.03,64,84,3.0,1.3,844,17.1,59,191,23,63.4,10.7,42.9
293,Let,13.37,10.95,140,149,181,1.01,65,80,1.7,0.4,855,49.4,57,185,23,67.7,15.3,43.2
294,Let,9.93,10.24,126,140,173,0.99,25,3,1.1,0.4,578,18.8,61,189,25,65.2,-3.5,42.5
295,Tempo,7.21,12.89,152,159,185,1.16,35,15,3.4,0.8,473,23.2,58,186,27,58.9,13.2,42.8
296,Tempo,14.31,13.88,164,173,186,1.24,108,116,1.4,1.1,919,37.5,66,192,24,56.5,10.8,44.7
297,Interval,13.45,13.94,164,179,180,1.29,39,81,3.6,0.9,1041,37.3,63,188,25,65.0,6.7,43.9
298,Let,10.48,9.7,120,131,170,0.95,51,47,1.4,0.9,622,29.1,58,188,27,67.7,17.9,41.2
299,Lang,10.09,10.29,138,147,181,0.95,33,4,3.3,1.7,673,44.4,54,188,22,68.0,15.0,42.4
300,Interval,9.58,13.81,165,176,184,1.25,77,57,1.9,0.8,798,19.7,56,189,23,69.9,19.9,43.2
301,Lang,11.26,10.44,144,155,178,0.98,72,70,3.7,0.8,843,29.2,55,184,25,74.2,6.4,42.0
302,Let,7.95,11.11,134,148,176,1.05,34,42,3.4,0.8,458,43.5,67,186,22,62.4,11.3,42.9
303,Let,7.55,10.58,147,153,183,0.96,72,74,1.1,1.2,478,22.6,65,190,23,66.4,7.2,41.6
304,Lang,8.36,9.43,152,159,173,0.91,99,84,2.5,1.3,546,36.3,47,195,24,64.8,15.5,40.1
305,Let,13.34,10.6,130,143,181,0.98,41,66,3.4,0.6,831,46.7,57,192,29,69.3,10.4,43.2
306,Tempo,3.76,14.3,165,174,182,1.31,19,24,1.2,2.0,283,24.3,52,198,24,67.0,11.2,42.1
307,Interval,5.5,16.23,150,162,191,1.42,17,43,3.7,1.9,500,21.1,55,182,22,78.5,13.4,44.4
308,Let,4.02,11.27,134,141,176,1.07,14,19,2.3,1.6,209,23.4,58,195,22,57.4,3.0,41.6
309,Interval,3.85,13.96,162,175,180,1.29,25,9,2.4,3.3,286,34.4,56,192,28,63.4,18.1,47.4
310,Let,3.43,11.44,130,142,175,1.09,11,14,4.1,0.6,188,50.6,55,191,25,60.9,10.5,42.3
311,Tempo,3.47,13.35,145,160,180,1.24,33,23,2.6,1.4,239,22.8,60,190,26,63.8,17.4,42.8
312,Let,3.8,9.59,141,157,179,0.9,44,41,1.4,2.0,229,37.2,55,194,26,65.1,8.1,40.1
313,Interval,11.32,16.0,150,156,187,1.43,76,83,2.9,1.5,821,33.7,53,187,27,63.4,3.1,43.8
314,Let,10.7,9.54,142,154,178,0.9,9,27,2.9,1.8,696,32.9,52,193,23,69.8,8.9,45.6
315,Let,12.91,9.29,133,147,175,0.9,15,0,3.0,2.0,786,22.1,60,192,23,67.1,14.4,41.0
316,Lang,13.31,9.51,145,154,175,0.91,73,123,3.3,0.7,831,23.5,57,194,27,63.2,14.3,44.5
317,Tempo,3.3,14.35,170,184,180,1.33,3,0,1.7,0.9,277,30.4,57,195,21,73.2,14.4,44.0
318,Let,6.51,9.35,127,143,173,0.9,51,68,3.7,1.4,358,42.2,61,194,24,62.0,9.6,40.7
319,Interval,10.84,14.36,158,174,185,1.29,52,41,1.6,2.7,884,65.3,56,182,23,68.6,25.0,46.5
320,Let,5.86,10.39,140,152,181,0.96,9,19,2.2,1.2,382,23.4,55,191,26,70.0,18.2,41.3
321,Let,9.19,10.43,151,166,175,0.99,15,3,2.4,1.6,585,10.9,63,191,24,66.1,9.3,42.3
322,Let,6.09,10.89,131,137,180,1.01,0,38,2.4,1.7,354,42.1,62,197,23,65.1,10.6,42.3
323,Lang,7.34,10.51,139,149,178,0.98,37,27,1.4,1.1,436,24.9,61,193,23,61.1,19.5,44.1
324,Interval,4.92,14.62,166,181,179,1.36,0,0,3.2,2.0,379,28.0,52,189,28,64.5,22.1,41.3
325,Lang,3.61,9.63,143,151,172,0.93,14,17,3.4,1.5,240,35.6,53,186,24,66.4,21.8,41.4
326,Lang,14.89,9.52,144,153,181,0.9,90,46,2.1,1.3,1061,27.0,68,190,26,71.6,3.3,40.2
327,Tempo,9.44,12.19,159,171,182,1.12,60,58,4.0,0.2,671,40.0,62,186,30,62.5,8.0,41.1
328,Let,9.86,9.54,124,133,177,0.9,19,0,3.7,1.6,555,36.9,57,186,24,63.0,20.6,42.2
329,Interval,4.17,13.61,169,182,180,1.26,15,7,3.9,2.6,312,25.1,63,192,24,62.5,10.3,46.1
330,Tempo,4.45,12.53,139,145,173,1.21,13,8,4.0,1.8,271,33.7,55,185,22,57.0,14.6,45.3
331,Tempo,7.14,12.21,168,178,183,1.11,51,50,2.4,1.9,556,33.9,57,197,25,68.6,15.2,44.5
332,Tempo,5.19,12.03,152,168,180,1.11,4,11,3.1,1.6,347,27.0,57,194,25,61.3,13.8,40.6
333,Lang,14.55,10.67,137,145,177,1.0,42,24,2.5,0.4,980,5.0,54,182,23,67.9,2.4,40.7
334,Interval,11.75,16.28,167,173,194,1.4,83,105,3.5,2.8,919,17.2,55,193,19,65.9,19.4,46.2
335,Tempo,9.93,12.15,142,155,176,1.15,51,88,3.8,1.1,652,26.8,62,186,26,60.9,2.6,42.6
336,Interval,6.16,14.81,160,176,182,1.36,15,1,3.9,0.6,478,41.6,56,188,26,66.0,9.7,45.1
337,Lang,13.0,10.08,145,157,177,0.95,2,0,3.7,0.2,853,35.1,54,192,28,66.1,21.1,42.6
338,Lang,7.92,10.22,137,145,171,1.0,61,48,3.9,0.2,457,36.1,61,186,26,58.8,11.6,39.7
339,Interval,9.18,13.94,169,178,185,1.26,52,60,4.4,1.0,724,26.2,54,195,22,66.4,15.2,44.4
340,Lang,11.83,10.07,134,148,175,0.96,76,76,1.4,1.8,749,15.2,65,185,27,65.0,16.6,42.0
341,Tempo,14.6,12.14,166,176,181,1.12,89,83,1.8,1.2,1140,16.7,59,192,26,68.3,1.6,43.0
342,Interval,8.87,14.53,161,170,177,1.37,54,52,1.5,2.8,679,25.4,60,193,26,65.7,14.2,42.8
343,Let,7.9,10.2,137,144,174,0.98,83,98,1.6,1.0,485,21.2,58,190,21,66.4,20.8,42.3
344,Let,4.26,9.46,137,146,181,0.9,14,8,2.4,0.4,278,26.0,55,189,27,70.4,9.7,41.3
345,Tempo,13.76,14.19,161,176,180,1.31,90,91,4.0,1.7,1036,34.6,58,189,27,66.3,7.2,46.2
346,Tempo,4.25,13.4,163,174,176,1.27,10,11,1.0,0.6,300,39.6,55,197,25,63.0,15.2,44.1
347,Interval,8.44,13.99,169,180,189,1.23,69,100,2.6,2.8,775,41.0,56,196,27,77.5,12.9,46.0
348,Let,13.57,10.0,126,136,172,0.97,124,118,1.4,1.1,806,38.6,60,186,25,66.1,12.5,43.0
349,Tempo,14.12,12.14,150,165,180,1.12,14,35,4.2,0.9,968,44.2,55,191,25,62.8,11.6,45.0
350,Let,8.25,9.42,138,150,172,0.91,47,65,3.2,1.3,484,42.5,59,194,26,63.9,2.5,41.5
351,Tempo,11.57,13.62,169,183,179,1.27,87,116,1.6,1.3,859,22.8,62,193,26,64.5,6.7,43.7
352,Interval,6.29,15.89,163,176,191,1.39,25,18,1.9,2.3,492,33.3,56,190,24,66.2,14.6,47.1
353,Interval,6.51,13.5,160,166,180,1.25,54,50,3.9,1.0,485,44.6,60,184,24,62.6,6.8,45.5
354,Let,11.04,9.69,142,148,168,0.96,32,12,4.0,1.8,641,26.5,57,192,26,62.1,9.5,40.5
355,Let,11.51,10.06,138,150,175,0.96,40,85,2.0,0.3,654,49.2,63,193,25,61.7,12.4,44.8
356,Tempo,3.58,12.8,150,159,182,1.17,20,18,1.5,1.5,252,39.7,59,191,25,64.4,10.3,45.0
357,Interval,8.49,15.27,176,192,183,1.39,21,33,3.0,3.2,713,33.9,61,196,27,69.5,17.4,43.5
358,Let,8.96,10.84,129,136,173,1.04,39,65,4.2,1.2,574,48.1,54,193,25,71.6,19.1,44.5
359,Let,11.93,9.26,126,133,172,0.9,118,96,2.6,1.2,619,23.5,56,185,23,57.6,11.1,38.7
360,Tempo,9.27,12.69,156,172,190,1.11,35,38,2.8,1.8,708,21.4,53,182,25,67.1,20.0,43.4
361,Let,8.54,10.49,122,137,175,1.0,21,35,2.9,1.7,510,32.2,60,181,25,66.6,9.3,42.0
362,Let,10.89,9.53,137,145,173,0.92,7,25,4.1,1.5,648,32.3,55,191,28,64.5,19.6,40.3
363,Let,11.17,11.04,125,135,175,1.05,36,9,3.6,1.9,703,37.1,61,187,24,70.4,9.6,46.4
364,Let,9.16,9.65,143,149,171,0.94,49,69,4.1,1.0,546,39.4,61,193,24,63.7,10.8,41.7
365,Let,11.98,11.51,125,135,176,1.09,89,118,1.5,0.5,669,36.1,59,191,25,63.0,5.8,44.4
366,Let,13.8,10.61,139,152,185,0.96,98,107,2.9,0.3,844,41.4,58,197,24,66.8,11.2,42.9
367,Tempo,12.89,12.17,156,163,178,1.14,44,61,2.7,1.0,902,21.4,63,194,28,63.4,21.2,39.2
368,Lang,14.53,9.19,141,150,174,0.9,68,62,3.2,0.8,953,38.4,53,187,25,66.1,19.5,41.2
369,Tempo,10.05,14.46,158,165,183,1.32,54,76,1.4,0.3,745,19.9,61,183,23,64.9,13.3,42.8
370,Interval,10.34,14.85,158,168,184,1.35,51,79,3.3,1.7,817,32.6,61,186,26,67.2,11.0,44.6
371,Let,7.11,9.29,130,138,172,0.9,28,35,2.0,1.3,390,38.8,60,186,22,60.2,11.6,43.0
372,Interval,8.32,14.46,170,186,178,1.35,4,0,4.0,1.9,676,22.9,61,188,23,67.0,19.0,42.8
373,Let,11.67,11.49,134,145,181,1.06,56,49,2.8,0.6,590,19.9,59,189,26,55.1,11.1,40.3
374,Interval,8.6,14.57,170,185,190,1.28,75,40,4.0,1.8,732,26.8,54,190,27,70.6,19.6,44.0
375,Let,9.84,11.46,130,145,189,1.01,37,41,3.3,1.9,607,30.3,53,192,26,68.6,4.7,42.1
376,Let,13.11,9.37,132,144,171,0.91,0,0,1.5,1.2,749,32.6,60,188,28,62.6,10.1,43.4
377,Let,4.29,9.97,139,154,175,0.95,50,39,2.3,1.6,252,28.2,59,192,29,63.4,17.5,40.6
378,Let,7.89,10.78,139,151,175,1.03,38,42,2.1,1.2,465,23.4,61,184,27,62.5,7.8,40.9
379,Tempo,8.35,12.59,160,176,175,1.2,35,12,3.3,0.9,571,25.6,59,191,28,60.7,19.0,42.3
380,Lang,5.57,10.06,140,154,180,0.93,49,54,1.5,1.5,342,31.9,52,191,27,62.6,22.8,43.0
381,Let,11.15,10.46,131,140,173,1.01,40,54,1.7,1.7,648,17.0,61,197,22,65.2,9.0,42.2
382,Lang,11.02,8.89,143,157,176,0.9,25,45,2.5,1.1,753,21.5,58,186,21,68.2,3.8,43.7
383,Lang,3.02,10.08,137,144,175,0.96,19,13,2.2,1.9,204,45.3,59,187,24,69.0,8.8,42.9
384,Let,9.62,9.71,129,142,174,0.93,64,67,3.4,0.2,570,34.2,57,190,23,65.8,11.5,40.8
385,Interval,4.11,15.35,171,180,183,1.4,14,9,3.6,3.4,319,29.6,57,196,28,65.1,9.2,45.3
386,Let,3.95,10.47,128,140,174,1.0,4,2,4.2,0.9,234,13.7,54,186,25,65.5,7.7,43.0
387,Let,8.12,11.72,135,148,185,1.06,32,64,3.3,1.5,475,23.2,55,197,25,64.7,5.1,43.6
388,Interval,13.88,14.13,169,182,187,1.26,43,75,1.3,0.5,1067,37.2,59,196,24,64.9,14.2,43.8
389,Let,7.87,10.94,130,138,180,1.01,22,55,1.9,1.0,435,45.5,53,186,24,60.6,14.9,44.8
390,Lang,14.62,10.72,148,161,182,0.98,121,85,1.8,1.8,907,28.6,53,193,26,62.0,12.7,41.1
391,Let,9.29,10.66,136,143,171,1.04,89,72,2.8,0.6,539,46.8,60,191,26,63.2,12.2,41.5
392,Let,13.92,10.5,131,145,179,0.98,107,121,2.7,0.2,814,39.8,53,187,23,64.1,11.6,40.5
393,Let,4.34,10.19,128,140,172,0.99,17,6,2.9,1.4,265,42.0,58,189,25,67.9,13.9,39.8
394,Interval,4.43,14.24,179,186,177,1.34,37,34,2.1,1.4,362,31.9,61,195,24,66.8,8.4,42.4
395,Let,14.53,11.0,129,144,179,1.02,84,66,3.0,0.3,781,31.6,64,186,27,59.2,21.9,40.6
396,Tempo,4.84,13.31,154,160,173,1.28,15,24,3.7,1.6,361,39.1,64,187,23,66.8,6.5,44.6
397,Tempo,3.59,12.18,157,166,174,1.17,30,34,2.3,0.7,272,47.4,54,194,24,68.3,3.8,45.0
398,Lang,5.21,9.82,144,152,180,0.91,24,23,3.6,0.9,352,21.5,61,182,30,66.5,16.6,40.5
399,Lang,6.95,9.38,146,159,175,0.9,23,28,1.2,0.9,440,32.5,56,188,24,63.0,16.3,43.2
400,Let,6.98,9.53,136,149,175,0.91,69,86,1.6,0.3,425,26.1,50,189,25,65.9,2.7,40.3
401,Interval,6.84,13.35,167,181,185,1.2,34,22,4.0,1.6,511,31.3,58,192,26,62.8,13.8,42.8
402,Let,13.49,9.7,137,151,178,0.91,52,35,3.1,0.6,773,17.0,62,187,24,61.6,13.2,38.9
403,Interval,6.76,15.86,168,184,187,1.41,34,16,1.6,3.3,594,22.7,55,191,28,73.5,12.6,47.4
404,Interval,9.31,15.69,161,177,188,1.39,15,26,2.8,1.4,683,50.4,53,187,21,62.0,23.1,43.7
405,Lang,12.82,10.44,144,159,181,0.96,66,49,3.8,0.9,831,5.0,58,194,24,65.8,16.5,39.2
406,Tempo,7.83,12.78,159,169,181,1.18,33,41,3.8,0.9,507,35.8,53,190,25,57.5,22.6,41.9
407,Let,14.99,10.11,135,147,178,0.95,124,119,1.3,1.5,948,26.4,53,185,28,68.1,18.5,40.7
408,Tempo,14.03,13.28,150,158,175,1.27,54,72,1.5,1.2,908,36.4,54,188,25,58.8,26.3,45.9
409,Interval,10.64,13.24,159,175,179,1.23,23,0,1.3,2.0,907,22.3,55,186,27,72.3,0.3,44.7
410,Interval,12.76,13.15,160,168,185,1.18,100,111,3.6,1.2,934,30.3,59,190,25,62.5,18.3,44.3
411,Lang,13.61,10.31,142,155,177,0.97,97,45,1.1,1.0,814,32.9,56,183,25,59.5,17.9,42.9
412,Lang,14.04,8.9,148,164,172,0.9,147,151,2.0,0.7,900,37.6,55,191,21,63.8,13.8,40.8
413,Let,13.63,9.56,127,137,174,0.92,54,45,2.5,2.0,791,17.4,60,191,22,65.1,8.7,40.1
414,Lang,8.88,11.18,149,157,181,1.03,67,113,2.8,1.2,638,32.3,62,196,28,72.1,10.3,40.7
415,Let,12.83,9.26,126,132,179,0.9,76,141,2.3,0.3,761,22.8,62,189,24,66.4,5.2,40.0
416,Interval,3.77,14.88,165,171,192,1.29,10,14,3.5,0.4,286,23.9,56,190,25,63.8,12.2,44.0
417,Lang,10.6,9.91,144,156,167,0.99,57,72,1.7,1.1,719,8.5,54,187,28,67.7,5.0,40.6
418,Let,7.4,9.85,133,149,175,0.94,36,36,3.4,0.9,440,24.7,63,191,23,65.4,18.9,40.7
419,Interval,9.86,13.5,155,169,176,1.28,78,42,1.9,3.0,692,32.3,56,190,22,60.9,11.1,43.8
420,Lang,6.1,9.71,146,156,169,0.96,22,0,1.1,0.8,398,5.0,66,197,29,66.2,11.6,40.6
421,Interval,3.2,13.7,164,176,182,1.25,21,17,2.0,1.3,214,28.4,65,188,29,56.2,15.3,43.1
422,Interval,3.89,13.74,165,179,193,1.19,12,6,3.4,1.5,269,32.7,59,188,28,57.9,5.7,41.8
423,Let,4.26,10.68,139,147,172,1.04,9,1,2.1,1.1,233,56.9,54,187,29,58.4,9.2,43.0
424,Lang,12.4,11.15,139,147,176,1.06,115,111,3.0,0.7,787,28.1,70,188,27,64.5,15.0,42.3
425,Interval,6.38,14.23,166,173,187,1.27,12,1,2.6,2.0,516,22.2,57,195,24,68.7,17.3,42.3
426,Tempo,7.55,12.8,153,168,180,1.18,2,11,4.2,1.3,600,26.7,64,193,26,72.4,12.9,42.8
427,Tempo,8.38,14.47,164,171,182,1.32,30,19,4.1,0.3,501,12.4,60,194,24,52.9,9.3,43.2
428,Let,13.18,9.69,132,140,176,0.92,46,93,1.2,1.2,697,31.9,62,193,24,58.6,6.6,45.8
429,Tempo,12.64,14.09,148,163,180,1.3,59,90,3.3,1.6,893,31.5,51,184,27,64.0,9.6,44.9
430,Let,4.67,11.46,137,152,183,1.04,22,21,1.0,1.9,272,26.4,58,194,26,63.6,10.5,43.2
431,Lang,10.58,10.24,145,155,177,0.96,61,124,1.9,1.1,694,15.2,61,189,26,65.6,5.0,42.5
432,Let,13.12,9.95,124,131,173,0.96,8,0,1.0,1.5,842,34.5,58,183,24,71.4,4.5,41.0
433,Interval,4.1,14.69,162,169,184,1.33,39,21,4.4,3.5,324,44.3,61,196,22,68.1,5.3,45.8
434,Tempo,13.39,11.85,151,164,176,1.12,58,64,2.7,1.2,1027,18.6,50,187,23,69.3,9.4,44.4
435,Let,4.97,11.02,134,148,180,1.02,2,16,3.3,2.0,303,22.3,58,192,23,67.0,11.8,44.0
436,Tempo,9.56,14.51,152,164,187,1.29,33,65,2.9,1.9,635,34.5,56,190,25,60.3,19.5,45.2
437,Lang,10.28,10.68,147,154,173,1.03,36,75,3.9,0.9,704,43.9,57,189,23,68.0,15.1,41.3
438,Let,4.37,10.27,137,144,173,0.99,36,40,4.0,1.0,286,27.0,65,189,27,70.6,8.3,41.3
439,Interval,12.19,15.82,165,181,185,1.43,59,15,3.4,2.2,893,46.1,57,193,27,62.1,14.4,45.3
440,Lang,11.36,9.93,140,153,173,0.96,13,0,4.0,0.8,756,35.8,59,188,23,67.4,4.2,42.8
441,Interval,8.68,14.93,170,177,191,1.3,39,24,3.9,1.3,680,23.8,64,188,24,64.6,0.5,45.3
442,Tempo,7.51,12.26,144,160,183,1.12,79,82,1.8,1.3,520,27.7,56,184,23,63.5,15.9,42.3
443,Interval,4.53,13.68,157,171,180,1.27,26,30,3.0,0.7,402,30.9,54,188,27,76.1,20.9,42.3
444,Interval,14.97,13.56,158,171,186,1.21,61,69,3.9,0.8,1054,31.4,57,190,27,60.5,27.7,41.5
445,Tempo,7.44,13.56,165,177,180,1.26,19,6,2.4,1.2,579,36.2,63,188,27,67.6,10.0,44.7
446,Lang,5.03,9.42,154,168,173,0.91,21,27,3.5,1.5,299,43.1,59,195,27,58.6,-0.6,41.8
447,Let,6.95,10.91,131,145,178,1.02,19,0,1.9,1.7,360,19.1,53,191,23,57.3,17.5,43.4
448,Tempo,12.86,13.46,161,177,189,1.19,22,107,3.3,1.4,942,31.6,53,195,26,65.5,8.5,42.0
449,Let,3.88,9.59,128,143,173,0.92,12,17,1.7,1.7,211,42.1,54,192,25,60.9,19.0,38.6
450,Let,8.88,9.82,143,151,168,0.97,33,23,2.1,0.2,562,34.5,55,195,25,68.0,5.4,42.2
451,Let,4.61,9.64,135,147,175,0.92,30,40,2.3,1.6,237,24.4,55,193,24,56.5,21.6,43.4
452,Let,5.03,9.52,136,150,170,0.93,55,64,3.6,1.1,302,23.3,61,188,28,64.8,10.0,41.2
453,Let,8.44,9.87,139,151,171,0.96,24,9,3.2,0.8,528,27.8,57,193,25,67.8,1.1,44.0
454,Interval,10.83,15.06,164,180,187,1.34,43,49,1.1,1.3,734,31.8,55,190,28,57.2,10.3,44.3
455,Let,7.55,10.81,138,154,178,1.01,60,36,1.2,1.7,502,40.7,57,195,30,72.6,5.5,40.1
456,Interval,4.88,15.67,157,165,185,1.41,0,10,3.0,3.3,386,27.8,55,185,19,67.3,9.0,45.4
457,Interval,13.44,13.84,165,171,183,1.26,80,69,1.8,1.8,1105,24.4,56,189,26,69.0,12.2,44.9
458,Let,9.28,9.68,130,145,174,0.93,57,46,3.1,1.3,523,29.3,57,196,22,63.2,9.7,45.1
459,Lang,4.42,9.55,149,156,174,0.91,7,23,2.4,1.3,324,10.6,61,184,26,71.4,3.3,39.4
460,Interval,10.97,15.87,164,176,189,1.4,106,120,3.0,0.7,894,45.1,55,197,22,70.0,16.2,46.7
461,Let,9.39,9.37,140,147,174,0.9,52,48,3.4,1.1,584,20.6,57,197,24,67.7,3.5,41.4
462,Tempo,9.39,12.17,152,164,180,1.13,68,50,1.9,1.2,722,26.6,55,191,26,70.0,15.2,45.2
463,Interval,9.11,15.26,164,171,188,1.35,40,20,3.7,0.7,719,48.7,55,191,28,66.8,9.7,43.7
464,Let,6.43,10.13,130,145,174,0.97,53,68,3.7,1.8,411,38.7,59,185,26,69.9,10.1,41.4
465,Lang,11.59,10.59,147,154,185,0.95,5,11,3.0,1.4,803,36.8,53,191,26,69.2,18.1,42.1
466,Interval,13.51,15.76,167,173,184,1.43,78,71,1.9,0.6,1018,37.0,60,193,27,63.5,17.2,44.4
467,Tempo,12.91,11.92,157,171,178,1.12,62,29,3.2,0.9,824,26.0,58,193,23,57.5,8.7,41.0
468,Interval,12.7,15.1,166,182,180,1.4,75,45,1.8,1.8,1006,28.4,56,189,23,66.3,-3.2,44.0
469,Let,7.69,10.56,142,150,172,1.02,0,7,1.8,0.9,483,23.9,65,191,25,67.1,19.0,41.6
470,Lang,13.01,9.29,149,155,170,0.91,5,8,3.9,0.6,938,21.1,59,193,26,71.9,12.1,39.7
471,Interval,6.04,16.6,158,172,182,1.5,55,44,3.3,2.2,443,34.6,62,187,25,62.6,18.6,44.7
472,Interval,3.89,14.74,168,176,184,1.34,15,19,2.6,0.2,292,10.6,53,195,26,63.4,6.5,46.5
473,Lang,12.82,9.2,146,156,172,0.9,11,5,1.8,0.4,810,38.6,63,190,28,63.1,8.9,41.9
474,Tempo,13.23,13.29,150,165,179,1.24,127,100,1.9,2.0,873,18.9,55,188,22,60.0,15.6,43.4
475,Let,11.23,9.97,136,146,177,0.94,42,51,1.5,1.9,698,23.3,55,191,27,67.6,1.9,43.8
476,Lang,12.61,9.48,153,165,163,0.97,59,59,4.0,1.8,815,28.9,53,191,22,63.3,4.1,40.8
477,Let,3.08,9.38,136,151,173,0.9,21,21,2.8,1.3,176,28.6,60,187,24,61.6,21.5,40.4
478,Let,7.14,10.29,134,146,165,1.04,21,42,2.5,1.0,406,22.7,60,190,25,62.2,20.2,45.1
479,Let,11.53,9.95,129,136,174,0.95,49,11,1.6,1.9,707,32.4,56,187,23,67.7,9.6,40.7
480,Let,4.65,10.12,133,143,185,0.91,19,9,3.4,1.8,291,31.3,50,191,24,68.8,22.3,46.8
481,Let,8.48,10.57,135,148,173,1.02,10,27,2.5,0.5,526,17.3,55,193,28,68.0,4.0,43.7
482,Interval,10.31,14.15,161,173,188,1.25,54,60,3.2,1.6,746,38.6,61,193,29,62.1,15.2,44.1
483,Let,10.98,9.4,129,136,178,0.9,72,72,2.3,0.2,634,42.9,57,188,28,63.9,15.5,41.1
484,Let,5.58,10.73,139,147,180,0.99,23,20,1.1,1.8,335,46.0,55,195,27,65.4,9.6,41.6
485,Interval,14.66,13.07,163,170,184,1.18,26,48,3.7,1.9,1073,29.6,51,184,28,61.0,12.4,41.9
486,Let,11.66,10.45,135,142,179,0.97,38,25,3.1,0.3,713,28.4,62,192,26,66.9,-1.3,41.0
487,Let,14.02,10.47,124,130,180,0.97,29,77,3.9,1.5,827,40.2,60,185,28,65.9,12.0,44.2
488,Let,10.71,9.23,131,137,175,0.9,52,87,2.8,1.3,726,31.6,58,188,24,74.5,8.4,41.3
489,Let,4.27,9.35,145,153,170,0.92,13,19,4.1,0.9,292,34.6,57,192,26,72.5,10.7,42.4
490,Let,4.14,11.4,130,140,176,1.08,35,29,2.9,1.6,226,16.6,57,185,25,59.8,12.9,40.0
491,Let,4.91,9.48,129,144,179,0.9,32,52,1.1,0.9,308,22.5,52,192,23,69.9,16.3,43.4
492,Tempo,3.54,13.79,161,168,176,1.31,39,47,1.9,0.9,257,32.8,57,193,25,64.6,12.3,43.6
493,Lang,4.87,9.91,135,145,166,0.99,25,34,3.9,1.1,304,33.9,60,185,27,63.8,18.9,40.8
494,Tempo,6.48,12.44,157,170,175,1.19,24,23,2.9,0.5,512,35.4,60,194,23,71.3,14.8,44.9
495,Tempo,4.82,12.36,166,177,178,1.16,8,10,2.9,1.8,339,25.1,62,198,29,62.5,13.3,40.6
496,Tempo,14.59,13.54,158,169,179,1.26,82,130,1.4,0.3,1102,42.4,59,191,25,67.5,14.8,45.1
497,Let,4.14,9.81,142,151,167,0.98,26,30,2.7,1.7,227,27.9,66,186,23,57.8,23.2,42.6
498,Lang,11.53,10.17,148,154,167,1.01,32,78,3.0,1.3,735,44.7,64,187,24,62.8,14.7,41.5
499,Let,5.86,10.9,130,137,177,1.03,31,58,1.3,1.4,394,29.4,57,187,24,73.9,5.3,41.1
500,Lang,10.18,10.77,152,166,179,1.0,42,82,1.8,1.3,618,28.7,66,191,21,59.7,7.5,42.3
